<?xml version="1.0" encoding="UTF-8"?>
<faces-config>
  <managed-bean>
    <managed-bean-name>cloudant</managed-bean-name>
    <managed-bean-class>com.ibm.xsp.bluemix.services.data.Cloudant</managed-bean-class>
    <managed-bean-scope>session</managed-bean-scope>
  </managed-bean>
  <managed-bean>
    <managed-bean-name>questionAnswer</managed-bean-name>
    <managed-bean-class>com.ibm.xsp.bluemix.services.watson.QuestionAnswer</managed-bean-class>
    <managed-bean-scope>session</managed-bean-scope>
  </managed-bean>
  <managed-bean>
    <managed-bean-name>translate</managed-bean-name>
    <managed-bean-class>com.ibm.xsp.bluemix.services.watson.LanguageTranslation</managed-bean-class>
    <managed-bean-scope>session</managed-bean-scope>
  </managed-bean>
  <managed-bean>
    <managed-bean-name>textToSpeech</managed-bean-name>
    <managed-bean-class>com.ibm.xsp.bluemix.services.watson.TextToSpeech</managed-bean-class>
    <managed-bean-scope>session</managed-bean-scope>
  </managed-bean>
  <managed-bean>
    <managed-bean-name>imageRecog</managed-bean-name>
    <managed-bean-class>com.ibm.xsp.bluemix.services.watson.ImageRecognition</managed-bean-class>
    <managed-bean-scope>session</managed-bean-scope>
  </managed-bean>
  <!--AUTOGEN-START-BUILDER: Automatically generated by IBM Domino Designer. Do not modify.-->
  <!--AUTOGEN-END-BUILDER: End of automatically generated section-->
</faces-config>
